{
  "range_baseline": 61.316836015865746,
  "doppler_baseline": 57.037886068274226,
  "range_sensitivity": 1.0,
  "motion_sensitivity": 3.0,
  "min_cluster_size": 4
}